Method,Boundary RMSE
Local linear,0.01742038987956299
Nadaraya-Watson,0.07255061218431798
